1773615301,5648
1773615302,6748
1773615303,6748
1773615304,7444
1773615305,7752
1773615306,8104
1773615307,8352
1773615308,8608
1773615309,8872
1773615310,9076
1773615311,9368
1773615312,9600
1773615313,9904
1773615314,10128
1773615315,10396
1773615316,10620
1773615317,10844
1773615318,11112
1773615319,11316
1773615320,11600
1773615321,11808
1773615322,12052
1773615323,12304
1773615324,12564
1773615325,12808
1773615326,13080
1773615327,13300
1773615328,13516
1773615329,13796
1773615330,14004
1773615331,14296
1773615332,14500
1773615333,14784
1773615334,14996
1773615335,15264
1773615336,15500
1773615337,15756
1773615339,15988
1773615340,16280
1773615341,16488
1773615342,16748
1773615343,16972
1773615344,17188
1773615345,17468
1773615346,17676
1773615347,17956
1773615348,18164
1773615349,18424
1773615350,18660
1773615351,18896
1773615352,19148
1773615353,19380
1773615354,19636
1773615355,19852
1773615356,20116
1773615357,20336
1773615358,20312
1773615359,20356
1773615360,20400
1773615361,20444
1773615362,20488
1773615363,20608
1773615364,20428
1773615365,20472
1773615366,20516
1773615367,20560
1773615368,20604
1773615369,20416
1773615370,20460
1773615371,20504
1773615372,20552
1773615373,20596
1773615374,20408
1773615375,20452
1773615376,20496
1773615377,20540
1773615378,20584
1773615379,20628
1773615380,20440
1773615381,20484
1773615382,20528
1773615383,20576
1773615384,20616
1773615385,20440
1773615386,20484
1773615387,20528
1773615388,20572
1773615389,20616
1773615390,20428
1773615391,20504
1773615392,20560
1773615393,20608
1773615394,20656
1773615395,20932
1773615396,20700
1773615397,20700
1773615398,20700
1773615399,20700
1773615400,20700
1773615401,20704
1773615402,20704
1773615403,20704
1773615404,20704
1773615405,20704
1773615406,20708
1773615407,20708
1773615408,20708
1773615409,20708
1773615410,20708
1773615411,20708
1773615412,20948
1773615413,20948
1773615414,20948
1773615415,20948
1773615416,20948
1773615417,20948
1773615418,20948
1773615419,20948
1773615420,20948
1773615421,20948
1773615422,20948
1773615423,20948
1773615424,20956
